Benchmark,t,t.mean.lb,t.mean.ub,t.sd,t.sd.lb,t.sd.ub
IfThenElse/ExMemory 100/ExMemory 100,1.4214601759099903e-6,1.3490433307374089e-6,1.6533490962798179e-6,4.073164765774963e-7,4.666117974731399e-8,9.142934811693579e-7
