Name,Mean,MeanLB,MeanUB,Stddev,StddevLB,StddevUB
Nop1/1,1.4146874000227928e-6,1.3569002728508734e-6,1.6869396161094238e-6,3.573206700251852e-7,3.881609207815942e-8,8.16570506557465e-7
Nop2/ExMemory 1/ExMemory 1,1.9221580297891976e-6,1.847807898867658e-6,2.186155617375092e-6,4.337849642466953e-7,1.1546647033838915e-7,8.922057099130342e-7
Nop3/ExMemory 1/ExMemory 1/ExMemory 1,2.4139130849780303e-6,2.3113889825887464e-6,2.78188793010757e-6,5.983481974361689e-7,1.306132820805204e-7,1.1814439012834318e-6
