Name,Mean,MeanLB,MeanUB,Stddev,StddevLB,StddevUB
Nop1/ExMemory 1,1.3696571568433628e-6,1.3042522801941635e-6,1.6809528388134878e-6,4.104090598100064e-7,3.1851788297549266e-8,9.39865934528093e-7
Nop2/ExMemory 1/ExMemory 1,1.670405672319546e-6,1.595495575283163e-6,1.8733898893809266e-6,4.026014916313616e-7,6.560906605975014e-8,7.538839783839428e-7
Nop3/ExMemory 1/ExMemory 1/ExMemory 1,1.884820938307788e-6,1.8614991543521025e-6,1.922361674941235e-6,9.242006674506191e-8,6.612776287597744e-8,1.2825477277920885e-7
AddInteger/ExMemory 1/ExMemory 1,1.8378529827782235e-6,1.8149141981604067e-6,1.8693470059201946e-6,8.817861591256442e-8,6.784370855382115e-8,1.1626279984219923e-7
